Overwatch,Discord
Orange#12290,Orange#9642
MadPigDiseaz#1547,MadCalDiseaz#1858
stuby123#1516,davidz#1339
madaomax#1890,madaomax#7422
nomad#12895,lauren#1562
REALM#11702,ps4homescreenmusic#0518
Bananabread#11652,BananaBread#9321
CrayCray#11536,CrayCray#0047
Enigma#14632,Enigma#8503
Nef#11417,CT#6148
LogiC#12582,Gooby#1852
godofconquez#1127,godofconquezt#5831
Saros#11683,Saros#8918
Koani#11331,Koani#6717
Peter#15693,Peter#2421
SÄ­CKO#1152,akir#6939
Rayquaza#11859,Mr.Bae#7026
Redzigzag#1976,Amar JB#8054
spidey#11813,itsben#7214
splotchylime#1868,splotchylime#6100
AsianBakun#1400,AsianBakun#2883
R1ckyy#1919,r1cky#0295
owTwo#11669,HeAndre#4970
Riskyrez#2429,Linkith#4481